{"cameraMode":{"drawMode":0,"name":"Shaded","section":"Shading Mode"},"sceneLighting":false,"audioPlay":false,"sceneViewState":{"m_AlwaysRefresh":false,"showFog":true,"showSkybox":false,"showFlares":true,"showImageEffects":true,"showParticleSystems":true,"showVisualEffectGraphs":true,"m_FxEnabled":true},"in2DMode":false,"pivot":{"x":0.1382613182067871,"y":0.010503053665161133,"z":-0.027987957000732423},"rotation":{"x":-0.1493459790945053,"y":-0.6010843515396118,"z":0.11560540646314621,"w":-0.7765688300132752},"size":11.329623222351075,"orthographic":true}