{"cameraMode":{"drawMode":0,"name":"Shaded","section":"Shading Mode"},"sceneLighting":false,"audioPlay":false,"sceneViewState":{"m_AlwaysRefresh":false,"showFog":true,"showSkybox":false,"showFlares":true,"showImageEffects":true,"showParticleSystems":true,"showVisualEffectGraphs":true,"m_FxEnabled":true},"in2DMode":false,"pivot":{"x":4.122103691101074,"y":-0.2969799041748047,"z":-3.761500597000122},"rotation":{"x":0.7753613591194153,"y":0.008524085395038128,"z":-0.010467996820807457,"w":0.6313744783401489},"size":10.985978126525879,"orthographic":true}